<?xml version="1.0"?>
<doc>
    <assembly>
        <name>NHiberntate.HierarchyId.UserType</name>
    </assembly>
    <members>
        <member name="T:NHibernate.HierarchyId.UserType">
            <summary>
            	Provides Microsoft.SqlServer.Types.HierarchyId mapping support for NHibernate.
            </summary>
        </member>
        <member name="M:NHibernate.HierarchyId.UserType.Equals(System.Object,System.Object)">
            <summary>
            	Compare two instances of the class mapped by this type for persistent "equality". ie. equality of persistent state.
            </summary>
            <param name="x"></param>
            <param name="y"></param>
            <returns></returns>
        </member>
        <member name="M:NHibernate.HierarchyId.UserType.GetHashCode(System.Object)">
            <summary>
            	Get a hashcode for the instance, consistent with persistence "equality"
            </summary>
            <param name="x"></param>
            <returns></returns>
        </member>
        <member name="M:NHibernate.HierarchyId.UserType.NullSafeGet(System.Data.IDataReader,System.String[],System.Object)">
            <summary>
            	Retrieve an instance of the mapped class from a JDBC resultset.
            </summary>
            <param name="rs">a IDataReader</param>
            <param name="names">column names</param>
            <param name="owner">the containing entity</param>
            <returns></returns>
            <exception cref="T:NHibernate.HibernateException">HibernateException</exception>
        </member>
        <member name="M:NHibernate.HierarchyId.UserType.NullSafeSet(System.Data.IDbCommand,System.Object,System.Int32)">
            <summary>
            	Write an instance of the mapped class to a prepared statement.
            </summary>
            <param name="cmd">a IDbCommand</param>
            <param name="value">the object to write</param>
            <param name="index">command parameter index</param>
            <exception cref="T:NHibernate.HibernateException">HibernateException</exception>
        </member>
        <member name="M:NHibernate.HierarchyId.UserType.DeepCopy(System.Object)">
            <summary>
            	Return a deep copy of the persistent state, stopping at entities and at collections.
            </summary>
            <param name="value">generally a collection element or entity field</param>
            <returns>a copy</returns>
        </member>
        <member name="M:NHibernate.HierarchyId.UserType.Replace(System.Object,System.Object,System.Object)">
            <summary>
            	During merge, replace the existing (<paramref name="target" />) value in the entity we are merging
            	to with a new (<paramref name="original" />) value from the detached entity we are merging.
            </summary>
            <param name="original">the value from the detached entity being merged</param>
            <param name="target">the value in the managed entity</param>
            <param name="owner">the managed entity</param>
            <returns>the value to be merged</returns>
        </member>
        <member name="M:NHibernate.HierarchyId.UserType.Assemble(System.Object,System.Object)">
            <summary>
            	Reconstruct an object from the cacheable representation.
            </summary>
            <param name="cached">the object to be cached</param>
            <param name="owner">the owner of the cached object</param>
            <returns>a reconstructed object from the cachable representation</returns>
        </member>
        <member name="M:NHibernate.HierarchyId.UserType.Disassemble(System.Object)">
            <summary>
            	Transform the object into its cacheable representation.
            </summary>
            <param name="value">the object to be cached</param>
            <returns>a cacheable representation of the object</returns>
        </member>
        <member name="P:NHibernate.HierarchyId.UserType.SqlTypes">
            <summary>
            	The SQL types for the columns mapped by this type.
            </summary>
        </member>
        <member name="P:NHibernate.HierarchyId.UserType.ReturnedType">
            <summary>
            	The type returned by <c>NullSafeGet()</c>
            </summary>
        </member>
        <member name="P:NHibernate.HierarchyId.UserType.IsMutable">
            <summary>
            	Object of this type are mutable.
            </summary>
        </member>
    </members>
</doc>
